{
  "c": 13,
  "N": 50,
  "dps": 80,
  "lambda_0": "1.9713014061674472535575314716636393693197793192576091547905645488811394191326303e-57",
  "lambda_1": "1.1235963348747901769697738728582596182519631266481962000482447070936372113297248e-53",
  "isolation_ratio": 5699.769357235213,
  "log10_ratio": 3.7558572821800964,
  "simplified": true,
  "time_s": 168.15308022499084
}