{
  "truncation_bound": 7.027019588437716e-43,
  "truncation_bound_below_1e42": true,
  "q_phi_margin": 3.36e-12,
  "safety_factor": 4.7815435231297156e+30,
  "cross_validation_passed": true
}